{
  "project_info": {
    "project_number": "633971941537",
    "firebase_url": "https://smiledetector-7e4e0.firebaseio.com",
    "project_id": "smiledetector-7e4e0",
    "storage_bucket": "smiledetector-7e4e0.appspot.com"
  },
  "client": [
    {
      "client_info": {
        "mobilesdk_app_id": "1:633971941537:android:d25c973eea99a7f66fd0e0",
        "android_client_info": {
          "package_name": "com.example.smiledetector"
        }
      },
      "oauth_client": [
        {
          "client_id": "633971941537-t7ig7455f15ffb2vltqrteitetep9koq.apps.googleusercontent.com",
          "client_type": 3
        }
      ],
      "api_key": [
        {
          "current_key": "AIzaSyAbYaTlvm7i7PKIWkTeEEWtMynC10KTOIo"
        }
      ],
      "services": {
        "appinvite_service": {
          "other_platform_oauth_client": [
            {
              "client_id": "633971941537-t7ig7455f15ffb2vltqrteitetep9koq.apps.googleusercontent.com",
              "client_type": 3
            }
          ]
        }
      }
    }
  ],
  "configuration_version": "1"
}